19.0,93.0,20.0,92.0,../train_maps/Ackermanville/floorplan.yaml,3
20.0,92.0,21.0,91.0,../train_maps/Ackermanville/floorplan.yaml,3
21.0,91.0,22.0,90.0,../train_maps/Ackermanville/floorplan.yaml,3
22.0,90.0,23.0,89.0,../train_maps/Ackermanville/floorplan.yaml,3
23.0,89.0,24.0,88.0,../train_maps/Ackermanville/floorplan.yaml,3
24.0,88.0,25.0,87.0,../train_maps/Ackermanville/floorplan.yaml,3
25.0,87.0,26.0,86.0,../train_maps/Ackermanville/floorplan.yaml,3
26.0,86.0,27.0,85.0,../train_maps/Ackermanville/floorplan.yaml,3
27.0,85.0,28.0,84.0,../train_maps/Ackermanville/floorplan.yaml,3
28.0,84.0,29.0,83.0,../train_maps/Ackermanville/floorplan.yaml,3
29.0,83.0,30.0,82.0,../train_maps/Ackermanville/floorplan.yaml,3
30.0,82.0,31.0,81.0,../train_maps/Ackermanville/floorplan.yaml,3
31.0,81.0,32.0,80.0,../train_maps/Ackermanville/floorplan.yaml,3
32.0,80.0,33.0,79.0,../train_maps/Ackermanville/floorplan.yaml,3
33.0,79.0,34.0,79.0,../train_maps/Ackermanville/floorplan.yaml,5
34.0,79.0,35.0,79.0,../train_maps/Ackermanville/floorplan.yaml,5
35.0,79.0,36.0,78.0,../train_maps/Ackermanville/floorplan.yaml,3
36.0,78.0,37.0,77.0,../train_maps/Ackermanville/floorplan.yaml,3
37.0,77.0,38.0,76.0,../train_maps/Ackermanville/floorplan.yaml,3
38.0,76.0,39.0,76.0,../train_maps/Ackermanville/floorplan.yaml,5
39.0,76.0,40.0,76.0,../train_maps/Ackermanville/floorplan.yaml,5
40.0,76.0,41.0,76.0,../train_maps/Ackermanville/floorplan.yaml,5
41.0,76.0,42.0,76.0,../train_maps/Ackermanville/floorplan.yaml,5
42.0,76.0,43.0,76.0,../train_maps/Ackermanville/floorplan.yaml,5
43.0,76.0,44.0,76.0,../train_maps/Ackermanville/floorplan.yaml,5
44.0,76.0,45.0,76.0,../train_maps/Ackermanville/floorplan.yaml,5
45.0,76.0,46.0,76.0,../train_maps/Ackermanville/floorplan.yaml,5
46.0,76.0,47.0,76.0,../train_maps/Ackermanville/floorplan.yaml,5
47.0,76.0,48.0,76.0,../train_maps/Ackermanville/floorplan.yaml,5
48.0,76.0,49.0,76.0,../train_maps/Ackermanville/floorplan.yaml,5
49.0,76.0,50.0,76.0,../train_maps/Ackermanville/floorplan.yaml,5
50.0,76.0,51.0,76.0,../train_maps/Ackermanville/floorplan.yaml,5
51.0,76.0,52.0,76.0,../train_maps/Ackermanville/floorplan.yaml,5
52.0,76.0,53.0,76.0,../train_maps/Ackermanville/floorplan.yaml,5
53.0,76.0,54.0,76.0,../train_maps/Ackermanville/floorplan.yaml,5
54.0,76.0,55.0,76.0,../train_maps/Ackermanville/floorplan.yaml,5
55.0,76.0,56.0,76.0,../train_maps/Ackermanville/floorplan.yaml,5
56.0,76.0,57.0,76.0,../train_maps/Ackermanville/floorplan.yaml,5
57.0,76.0,58.0,76.0,../train_maps/Ackermanville/floorplan.yaml,5
58.0,76.0,59.0,76.0,../train_maps/Ackermanville/floorplan.yaml,5
59.0,76.0,60.0,76.0,../train_maps/Ackermanville/floorplan.yaml,5
60.0,76.0,61.0,76.0,../train_maps/Ackermanville/floorplan.yaml,5
61.0,76.0,62.0,76.0,../train_maps/Ackermanville/floorplan.yaml,5
62.0,76.0,63.0,76.0,../train_maps/Ackermanville/floorplan.yaml,5
63.0,76.0,64.0,76.0,../train_maps/Ackermanville/floorplan.yaml,5
64.0,76.0,65.0,76.0,../train_maps/Ackermanville/floorplan.yaml,5
65.0,76.0,66.0,76.0,../train_maps/Ackermanville/floorplan.yaml,5
66.0,76.0,67.0,76.0,../train_maps/Ackermanville/floorplan.yaml,5
67.0,76.0,68.0,76.0,../train_maps/Ackermanville/floorplan.yaml,5
68.0,76.0,69.0,76.0,../train_maps/Ackermanville/floorplan.yaml,5
69.0,76.0,70.0,76.0,../train_maps/Ackermanville/floorplan.yaml,5
70.0,76.0,71.0,76.0,../train_maps/Ackermanville/floorplan.yaml,5
71.0,76.0,72.0,76.0,../train_maps/Ackermanville/floorplan.yaml,5
72.0,76.0,73.0,76.0,../train_maps/Ackermanville/floorplan.yaml,5
73.0,76.0,74.0,76.0,../train_maps/Ackermanville/floorplan.yaml,5
74.0,76.0,75.0,76.0,../train_maps/Ackermanville/floorplan.yaml,5
75.0,76.0,76.0,76.0,../train_maps/Ackermanville/floorplan.yaml,5
76.0,76.0,77.0,76.0,../train_maps/Ackermanville/floorplan.yaml,5
77.0,76.0,78.0,76.0,../train_maps/Ackermanville/floorplan.yaml,5
78.0,76.0,79.0,76.0,../train_maps/Ackermanville/floorplan.yaml,5
79.0,76.0,80.0,76.0,../train_maps/Ackermanville/floorplan.yaml,5
80.0,76.0,81.0,76.0,../train_maps/Ackermanville/floorplan.yaml,5
81.0,76.0,82.0,76.0,../train_maps/Ackermanville/floorplan.yaml,5
82.0,76.0,83.0,76.0,../train_maps/Ackermanville/floorplan.yaml,5
83.0,76.0,84.0,76.0,../train_maps/Ackermanville/floorplan.yaml,5
84.0,76.0,85.0,76.0,../train_maps/Ackermanville/floorplan.yaml,5
85.0,76.0,86.0,76.0,../train_maps/Ackermanville/floorplan.yaml,5
86.0,76.0,87.0,76.0,../train_maps/Ackermanville/floorplan.yaml,5
87.0,76.0,88.0,76.0,../train_maps/Ackermanville/floorplan.yaml,5
88.0,76.0,89.0,76.0,../train_maps/Ackermanville/floorplan.yaml,5
89.0,76.0,90.0,76.0,../train_maps/Ackermanville/floorplan.yaml,5
90.0,76.0,91.0,76.0,../train_maps/Ackermanville/floorplan.yaml,5
91.0,76.0,92.0,76.0,../train_maps/Ackermanville/floorplan.yaml,5
92.0,76.0,93.0,76.0,../train_maps/Ackermanville/floorplan.yaml,5
93.0,76.0,94.0,76.0,../train_maps/Ackermanville/floorplan.yaml,5
94.0,76.0,95.0,76.0,../train_maps/Ackermanville/floorplan.yaml,5
95.0,76.0,96.0,75.0,../train_maps/Ackermanville/floorplan.yaml,3
96.0,75.0,97.0,75.0,../train_maps/Ackermanville/floorplan.yaml,5
97.0,75.0,98.0,74.0,../train_maps/Ackermanville/floorplan.yaml,3
98.0,74.0,99.0,74.0,../train_maps/Ackermanville/floorplan.yaml,5
99.0,74.0,100.0,74.0,../train_maps/Ackermanville/floorplan.yaml,5
100.0,74.0,101.0,73.0,../train_maps/Ackermanville/floorplan.yaml,3
111.0,49.0,110.0,48.0,../train_maps/Aldrich/floorplan.yaml,1
110.0,48.0,109.0,47.0,../train_maps/Aldrich/floorplan.yaml,1
109.0,47.0,108.0,46.0,../train_maps/Aldrich/floorplan.yaml,1
108.0,46.0,107.0,45.0,../train_maps/Aldrich/floorplan.yaml,1
107.0,45.0,106.0,44.0,../train_maps/Aldrich/floorplan.yaml,1
106.0,44.0,105.0,43.0,../train_maps/Aldrich/floorplan.yaml,1
105.0,43.0,104.0,42.0,../train_maps/Aldrich/floorplan.yaml,1
104.0,42.0,103.0,41.0,../train_maps/Aldrich/floorplan.yaml,1
103.0,41.0,102.0,40.0,../train_maps/Aldrich/floorplan.yaml,1
102.0,40.0,101.0,39.0,../train_maps/Aldrich/floorplan.yaml,1
101.0,39.0,100.0,38.0,../train_maps/Aldrich/floorplan.yaml,1
100.0,38.0,99.0,37.0,../train_maps/Aldrich/floorplan.yaml,1
99.0,37.0,98.0,36.0,../train_maps/Aldrich/floorplan.yaml,1
98.0,36.0,97.0,35.0,../train_maps/Aldrich/floorplan.yaml,1
97.0,35.0,96.0,34.0,../train_maps/Aldrich/floorplan.yaml,1
96.0,34.0,95.0,33.0,../train_maps/Aldrich/floorplan.yaml,1
95.0,33.0,94.0,32.0,../train_maps/Aldrich/floorplan.yaml,1
94.0,32.0,93.0,31.0,../train_maps/Aldrich/floorplan.yaml,1
93.0,31.0,93.0,30.0,../train_maps/Aldrich/floorplan.yaml,2
93.0,30.0,93.0,29.0,../train_maps/Aldrich/floorplan.yaml,2
93.0,29.0,93.0,28.0,../train_maps/Aldrich/floorplan.yaml,2
93.0,28.0,93.0,27.0,../train_maps/Aldrich/floorplan.yaml,2
93.0,27.0,92.0,26.0,../train_maps/Aldrich/floorplan.yaml,1
92.0,26.0,91.0,25.0,../train_maps/Aldrich/floorplan.yaml,1
91.0,25.0,90.0,24.0,../train_maps/Aldrich/floorplan.yaml,1
90.0,24.0,89.0,23.0,../train_maps/Aldrich/floorplan.yaml,1
89.0,23.0,88.0,22.0,../train_maps/Aldrich/floorplan.yaml,1
88.0,22.0,87.0,21.0,../train_maps/Aldrich/floorplan.yaml,1
87.0,21.0,86.0,20.0,../train_maps/Aldrich/floorplan.yaml,1
86.0,20.0,86.0,19.0,../train_maps/Aldrich/floorplan.yaml,2
86.0,19.0,85.0,18.0,../train_maps/Aldrich/floorplan.yaml,1
85.0,18.0,85.0,17.0,../train_maps/Aldrich/floorplan.yaml,2
85.0,17.0,84.0,16.0,../train_maps/Aldrich/floorplan.yaml,1
84.0,16.0,84.0,15.0,../train_maps/Aldrich/floorplan.yaml,2
84.0,15.0,84.0,14.0,../train_maps/Aldrich/floorplan.yaml,2
84.0,14.0,83.0,13.0,../train_maps/Aldrich/floorplan.yaml,1
97.0,74.0,97.0,73.0,../train_maps/Alfred/floorplan.yaml,2
97.0,73.0,97.0,72.0,../train_maps/Alfred/floorplan.yaml,2
97.0,72.0,97.0,71.0,../train_maps/Alfred/floorplan.yaml,2
97.0,71.0,97.0,70.0,../train_maps/Alfred/floorplan.yaml,2
97.0,70.0,97.0,69.0,../train_maps/Alfred/floorplan.yaml,2
97.0,69.0,97.0,68.0,../train_maps/Alfred/floorplan.yaml,2
97.0,68.0,97.0,67.0,../train_maps/Alfred/floorplan.yaml,2
97.0,67.0,97.0,66.0,../train_maps/Alfred/floorplan.yaml,2
97.0,66.0,97.0,65.0,../train_maps/Alfred/floorplan.yaml,2
97.0,65.0,97.0,64.0,../train_maps/Alfred/floorplan.yaml,2
97.0,64.0,97.0,63.0,../train_maps/Alfred/floorplan.yaml,2
97.0,63.0,97.0,62.0,../train_maps/Alfred/floorplan.yaml,2
97.0,62.0,97.0,61.0,../train_maps/Alfred/floorplan.yaml,2
97.0,61.0,97.0,60.0,../train_maps/Alfred/floorplan.yaml,2
97.0,60.0,97.0,59.0,../train_maps/Alfred/floorplan.yaml,2
97.0,59.0,97.0,58.0,../train_maps/Alfred/floorplan.yaml,2
97.0,58.0,97.0,57.0,../train_maps/Alfred/floorplan.yaml,2
97.0,57.0,97.0,56.0,../train_maps/Alfred/floorplan.yaml,2
97.0,56.0,97.0,55.0,../train_maps/Alfred/floorplan.yaml,2
97.0,55.0,97.0,54.0,../train_maps/Alfred/floorplan.yaml,2
97.0,54.0,97.0,53.0,../train_maps/Alfred/floorplan.yaml,2
97.0,53.0,97.0,52.0,../train_maps/Alfred/floorplan.yaml,2
97.0,52.0,97.0,51.0,../train_maps/Alfred/floorplan.yaml,2
97.0,51.0,97.0,50.0,../train_maps/Alfred/floorplan.yaml,2
97.0,50.0,97.0,49.0,../train_maps/Alfred/floorplan.yaml,2
97.0,49.0,97.0,48.0,../train_maps/Alfred/floorplan.yaml,2
97.0,48.0,97.0,47.0,../train_maps/Alfred/floorplan.yaml,2
97.0,47.0,97.0,46.0,../train_maps/Alfred/floorplan.yaml,2
97.0,46.0,97.0,45.0,../train_maps/Alfred/floorplan.yaml,2
97.0,45.0,97.0,44.0,../train_maps/Alfred/floorplan.yaml,2
97.0,44.0,97.0,43.0,../train_maps/Alfred/floorplan.yaml,2
97.0,43.0,96.0,42.0,../train_maps/Alfred/floorplan.yaml,1
96.0,42.0,95.0,41.0,../train_maps/Alfred/floorplan.yaml,1
95.0,41.0,95.0,40.0,../train_maps/Alfred/floorplan.yaml,2
95.0,40.0,95.0,39.0,../train_maps/Alfred/floorplan.yaml,2
95.0,39.0,95.0,38.0,../train_maps/Alfred/floorplan.yaml,2
95.0,38.0,95.0,37.0,../train_maps/Alfred/floorplan.yaml,2
95.0,37.0,95.0,36.0,../train_maps/Alfred/floorplan.yaml,2
95.0,36.0,95.0,35.0,../train_maps/Alfred/floorplan.yaml,2
95.0,35.0,95.0,34.0,../train_maps/Alfred/floorplan.yaml,2
95.0,34.0,95.0,33.0,../train_maps/Alfred/floorplan.yaml,2
95.0,33.0,95.0,32.0,../train_maps/Alfred/floorplan.yaml,2
95.0,32.0,95.0,31.0,../train_maps/Alfred/floorplan.yaml,2
95.0,31.0,95.0,30.0,../train_maps/Alfred/floorplan.yaml,2
95.0,30.0,95.0,29.0,../train_maps/Alfred/floorplan.yaml,2
95.0,29.0,95.0,28.0,../train_maps/Alfred/floorplan.yaml,2
95.0,28.0,95.0,27.0,../train_maps/Alfred/floorplan.yaml,2
95.0,27.0,95.0,26.0,../train_maps/Alfred/floorplan.yaml,2
95.0,26.0,95.0,25.0,../train_maps/Alfred/floorplan.yaml,2
95.0,25.0,95.0,24.0,../train_maps/Alfred/floorplan.yaml,2
95.0,24.0,95.0,23.0,../train_maps/Alfred/floorplan.yaml,2
95.0,23.0,95.0,22.0,../train_maps/Alfred/floorplan.yaml,2
95.0,22.0,95.0,21.0,../train_maps/Alfred/floorplan.yaml,2
95.0,21.0,95.0,20.0,../train_maps/Alfred/floorplan.yaml,2
95.0,20.0,95.0,19.0,../train_maps/Alfred/floorplan.yaml,2
95.0,19.0,95.0,18.0,../train_maps/Alfred/floorplan.yaml,2
95.0,18.0,95.0,17.0,../train_maps/Alfred/floorplan.yaml,2
95.0,17.0,95.0,16.0,../train_maps/Alfred/floorplan.yaml,2
95.0,16.0,95.0,15.0,../train_maps/Alfred/floorplan.yaml,2
95.0,15.0,95.0,14.0,../train_maps/Alfred/floorplan.yaml,2
95.0,14.0,95.0,13.0,../train_maps/Alfred/floorplan.yaml,2
95.0,13.0,94.0,12.0,../train_maps/Alfred/floorplan.yaml,1
94.0,12.0,93.0,11.0,../train_maps/Alfred/floorplan.yaml,1
93.0,11.0,92.0,11.0,../train_maps/Alfred/floorplan.yaml,4
92.0,11.0,91.0,11.0,../train_maps/Alfred/floorplan.yaml,4
91.0,11.0,90.0,11.0,../train_maps/Alfred/floorplan.yaml,4
90.0,11.0,89.0,11.0,../train_maps/Alfred/floorplan.yaml,4
89.0,11.0,88.0,11.0,../train_maps/Alfred/floorplan.yaml,4
88.0,11.0,87.0,11.0,../train_maps/Alfred/floorplan.yaml,4
87.0,11.0,86.0,11.0,../train_maps/Alfred/floorplan.yaml,4
86.0,11.0,85.0,11.0,../train_maps/Alfred/floorplan.yaml,4
85.0,11.0,84.0,12.0,../train_maps/Alfred/floorplan.yaml,6
84.0,12.0,83.0,12.0,../train_maps/Alfred/floorplan.yaml,4
83.0,12.0,82.0,13.0,../train_maps/Alfred/floorplan.yaml,6
82.0,13.0,81.0,14.0,../train_maps/Alfred/floorplan.yaml,6
81.0,14.0,80.0,15.0,../train_maps/Alfred/floorplan.yaml,6
80.0,15.0,79.0,16.0,../train_maps/Alfred/floorplan.yaml,6
79.0,16.0,78.0,17.0,../train_maps/Alfred/floorplan.yaml,6
78.0,17.0,77.0,18.0,../train_maps/Alfred/floorplan.yaml,6
77.0,18.0,76.0,19.0,../train_maps/Alfred/floorplan.yaml,6
76.0,19.0,75.0,20.0,../train_maps/Alfred/floorplan.yaml,6
75.0,20.0,74.0,21.0,../train_maps/Alfred/floorplan.yaml,6
74.0,21.0,73.0,22.0,../train_maps/Alfred/floorplan.yaml,6
73.0,22.0,72.0,23.0,../train_maps/Alfred/floorplan.yaml,6
72.0,23.0,71.0,23.0,../train_maps/Alfred/floorplan.yaml,4
71.0,23.0,70.0,23.0,../train_maps/Alfred/floorplan.yaml,4
70.0,23.0,69.0,23.0,../train_maps/Alfred/floorplan.yaml,4
69.0,23.0,68.0,24.0,../train_maps/Alfred/floorplan.yaml,6
68.0,24.0,67.0,25.0,../train_maps/Alfred/floorplan.yaml,6
67.0,25.0,66.0,26.0,../train_maps/Alfred/floorplan.yaml,6
66.0,26.0,65.0,27.0,../train_maps/Alfred/floorplan.yaml,6
65.0,27.0,64.0,28.0,../train_maps/Alfred/floorplan.yaml,6
64.0,28.0,63.0,29.0,../train_maps/Alfred/floorplan.yaml,6
63.0,29.0,62.0,30.0,../train_maps/Alfred/floorplan.yaml,6
62.0,30.0,61.0,31.0,../train_maps/Alfred/floorplan.yaml,6
61.0,31.0,60.0,32.0,../train_maps/Alfred/floorplan.yaml,6
60.0,32.0,59.0,33.0,../train_maps/Alfred/floorplan.yaml,6
59.0,33.0,58.0,34.0,../train_maps/Alfred/floorplan.yaml,6
58.0,34.0,57.0,35.0,../train_maps/Alfred/floorplan.yaml,6
57.0,35.0,56.0,36.0,../train_maps/Alfred/floorplan.yaml,6
56.0,36.0,55.0,37.0,../train_maps/Alfred/floorplan.yaml,6
55.0,37.0,54.0,38.0,../train_maps/Alfred/floorplan.yaml,6
54.0,38.0,53.0,39.0,../train_maps/Alfred/floorplan.yaml,6
53.0,39.0,52.0,40.0,../train_maps/Alfred/floorplan.yaml,6
52.0,40.0,51.0,41.0,../train_maps/Alfred/floorplan.yaml,6
51.0,41.0,50.0,42.0,../train_maps/Alfred/floorplan.yaml,6
50.0,42.0,49.0,43.0,../train_maps/Alfred/floorplan.yaml,6
49.0,43.0,48.0,44.0,../train_maps/Alfred/floorplan.yaml,6
48.0,44.0,48.0,45.0,../train_maps/Alfred/floorplan.yaml,7
48.0,45.0,47.0,46.0,../train_maps/Alfred/floorplan.yaml,6
47.0,46.0,47.0,47.0,../train_maps/Alfred/floorplan.yaml,7
47.0,47.0,47.0,48.0,../train_maps/Alfred/floorplan.yaml,7
47.0,48.0,46.0,49.0,../train_maps/Alfred/floorplan.yaml,6
46.0,49.0,46.0,50.0,../train_maps/Alfred/floorplan.yaml,7
46.0,50.0,45.0,51.0,../train_maps/Alfred/floorplan.yaml,6
45.0,51.0,45.0,52.0,../train_maps/Alfred/floorplan.yaml,7
45.0,52.0,44.0,53.0,../train_maps/Alfred/floorplan.yaml,6
44.0,53.0,44.0,54.0,../train_maps/Alfred/floorplan.yaml,7
44.0,54.0,43.0,55.0,../train_maps/Alfred/floorplan.yaml,6
43.0,55.0,43.0,56.0,../train_maps/Alfred/floorplan.yaml,7
43.0,56.0,42.0,57.0,../train_maps/Alfred/floorplan.yaml,6
42.0,57.0,42.0,58.0,../train_maps/Alfred/floorplan.yaml,7
42.0,58.0,42.0,59.0,../train_maps/Alfred/floorplan.yaml,7
42.0,59.0,41.0,60.0,../train_maps/Alfred/floorplan.yaml,6
41.0,60.0,41.0,61.0,../train_maps/Alfred/floorplan.yaml,7
41.0,61.0,40.0,62.0,../train_maps/Alfred/floorplan.yaml,6
40.0,62.0,40.0,63.0,../train_maps/Alfred/floorplan.yaml,7
40.0,63.0,39.0,64.0,../train_maps/Alfred/floorplan.yaml,6
39.0,64.0,39.0,65.0,../train_maps/Alfred/floorplan.yaml,7
39.0,65.0,38.0,66.0,../train_maps/Alfred/floorplan.yaml,6
38.0,66.0,38.0,67.0,../train_maps/Alfred/floorplan.yaml,7
38.0,67.0,38.0,68.0,../train_maps/Alfred/floorplan.yaml,7
38.0,68.0,37.0,69.0,../train_maps/Alfred/floorplan.yaml,6
113.0,91.0,112.0,90.0,../train_maps/Anthoston/floorplan.yaml,1
112.0,90.0,111.0,89.0,../train_maps/Anthoston/floorplan.yaml,1
111.0,89.0,110.0,88.0,../train_maps/Anthoston/floorplan.yaml,1
110.0,88.0,109.0,87.0,../train_maps/Anthoston/floorplan.yaml,1
109.0,87.0,108.0,86.0,../train_maps/Anthoston/floorplan.yaml,1
108.0,86.0,107.0,85.0,../train_maps/Anthoston/floorplan.yaml,1
107.0,85.0,106.0,84.0,../train_maps/Anthoston/floorplan.yaml,1
106.0,84.0,105.0,83.0,../train_maps/Anthoston/floorplan.yaml,1
105.0,83.0,104.0,82.0,../train_maps/Anthoston/floorplan.yaml,1
104.0,82.0,103.0,81.0,../train_maps/Anthoston/floorplan.yaml,1
103.0,81.0,102.0,80.0,../train_maps/Anthoston/floorplan.yaml,1
102.0,80.0,101.0,79.0,../train_maps/Anthoston/floorplan.yaml,1
101.0,79.0,100.0,78.0,../train_maps/Anthoston/floorplan.yaml,1
100.0,78.0,99.0,77.0,../train_maps/Anthoston/floorplan.yaml,1
99.0,77.0,98.0,77.0,../train_maps/Anthoston/floorplan.yaml,4
98.0,77.0,97.0,77.0,../train_maps/Anthoston/floorplan.yaml,4
97.0,77.0,96.0,77.0,../train_maps/Anthoston/floorplan.yaml,4
96.0,77.0,95.0,77.0,../train_maps/Anthoston/floorplan.yaml,4
95.0,77.0,94.0,77.0,../train_maps/Anthoston/floorplan.yaml,4
94.0,77.0,93.0,77.0,../train_maps/Anthoston/floorplan.yaml,4
93.0,77.0,92.0,77.0,../train_maps/Anthoston/floorplan.yaml,4
92.0,77.0,91.0,77.0,../train_maps/Anthoston/floorplan.yaml,4
91.0,77.0,90.0,77.0,../train_maps/Anthoston/floorplan.yaml,4
90.0,77.0,89.0,77.0,../train_maps/Anthoston/floorplan.yaml,4
89.0,77.0,88.0,76.0,../train_maps/Anthoston/floorplan.yaml,1
88.0,76.0,87.0,75.0,../train_maps/Anthoston/floorplan.yaml,1
87.0,75.0,86.0,74.0,../train_maps/Anthoston/floorplan.yaml,1
86.0,74.0,85.0,73.0,../train_maps/Anthoston/floorplan.yaml,1
85.0,73.0,84.0,72.0,../train_maps/Anthoston/floorplan.yaml,1
84.0,72.0,83.0,71.0,../train_maps/Anthoston/floorplan.yaml,1
83.0,71.0,82.0,70.0,../train_maps/Anthoston/floorplan.yaml,1
82.0,70.0,81.0,69.0,../train_maps/Anthoston/floorplan.yaml,1
81.0,69.0,80.0,68.0,../train_maps/Anthoston/floorplan.yaml,1
80.0,68.0,79.0,67.0,../train_maps/Anthoston/floorplan.yaml,1
79.0,67.0,78.0,66.0,../train_maps/Anthoston/floorplan.yaml,1
78.0,66.0,77.0,65.0,../train_maps/Anthoston/floorplan.yaml,1
77.0,65.0,76.0,64.0,../train_maps/Anthoston/floorplan.yaml,1
76.0,64.0,75.0,63.0,../train_maps/Anthoston/floorplan.yaml,1
75.0,63.0,74.0,62.0,../train_maps/Anthoston/floorplan.yaml,1
74.0,62.0,73.0,61.0,../train_maps/Anthoston/floorplan.yaml,1
73.0,61.0,72.0,60.0,../train_maps/Anthoston/floorplan.yaml,1
72.0,60.0,71.0,59.0,../train_maps/Anthoston/floorplan.yaml,1
71.0,59.0,70.0,58.0,../train_maps/Anthoston/floorplan.yaml,1
70.0,58.0,69.0,57.0,../train_maps/Anthoston/floorplan.yaml,1
69.0,57.0,68.0,56.0,../train_maps/Anthoston/floorplan.yaml,1
68.0,56.0,67.0,55.0,../train_maps/Anthoston/floorplan.yaml,1
67.0,55.0,66.0,55.0,../train_maps/Anthoston/floorplan.yaml,4
66.0,55.0,65.0,55.0,../train_maps/Anthoston/floorplan.yaml,4
65.0,55.0,64.0,54.0,../train_maps/Anthoston/floorplan.yaml,1
64.0,54.0,63.0,53.0,../train_maps/Anthoston/floorplan.yaml,1
63.0,53.0,62.0,52.0,../train_maps/Anthoston/floorplan.yaml,1
62.0,52.0,61.0,51.0,../train_maps/Anthoston/floorplan.yaml,1
61.0,51.0,60.0,50.0,../train_maps/Anthoston/floorplan.yaml,1
60.0,50.0,59.0,49.0,../train_maps/Anthoston/floorplan.yaml,1
59.0,49.0,58.0,48.0,../train_maps/Anthoston/floorplan.yaml,1
58.0,48.0,57.0,47.0,../train_maps/Anthoston/floorplan.yaml,1
57.0,47.0,56.0,46.0,../train_maps/Anthoston/floorplan.yaml,1
56.0,46.0,55.0,45.0,../train_maps/Anthoston/floorplan.yaml,1
55.0,45.0,54.0,44.0,../train_maps/Anthoston/floorplan.yaml,1
54.0,44.0,53.0,43.0,../train_maps/Anthoston/floorplan.yaml,1
53.0,43.0,52.0,42.0,../train_maps/Anthoston/floorplan.yaml,1
52.0,42.0,51.0,41.0,../train_maps/Anthoston/floorplan.yaml,1
51.0,41.0,50.0,40.0,../train_maps/Anthoston/floorplan.yaml,1
50.0,40.0,49.0,39.0,../train_maps/Anthoston/floorplan.yaml,1
49.0,39.0,48.0,38.0,../train_maps/Anthoston/floorplan.yaml,1
48.0,38.0,47.0,38.0,../train_maps/Anthoston/floorplan.yaml,4
47.0,38.0,46.0,37.0,../train_maps/Anthoston/floorplan.yaml,1
46.0,37.0,45.0,37.0,../train_maps/Anthoston/floorplan.yaml,4
45.0,37.0,44.0,36.0,../train_maps/Anthoston/floorplan.yaml,1
44.0,36.0,43.0,36.0,../train_maps/Anthoston/floorplan.yaml,4
43.0,36.0,42.0,36.0,../train_maps/Anthoston/floorplan.yaml,4
42.0,36.0,41.0,35.0,../train_maps/Anthoston/floorplan.yaml,1
87.0,43.0,87.0,44.0,../train_maps/Auburn/floorplan.yaml,7
87.0,44.0,87.0,45.0,../train_maps/Auburn/floorplan.yaml,7
87.0,45.0,87.0,46.0,../train_maps/Auburn/floorplan.yaml,7
87.0,46.0,87.0,47.0,../train_maps/Auburn/floorplan.yaml,7
87.0,47.0,87.0,48.0,../train_maps/Auburn/floorplan.yaml,7
87.0,48.0,87.0,49.0,../train_maps/Auburn/floorplan.yaml,7
87.0,49.0,87.0,50.0,../train_maps/Auburn/floorplan.yaml,7
87.0,50.0,87.0,51.0,../train_maps/Auburn/floorplan.yaml,7
87.0,51.0,87.0,52.0,../train_maps/Auburn/floorplan.yaml,7
87.0,52.0,87.0,53.0,../train_maps/Auburn/floorplan.yaml,7
87.0,53.0,87.0,54.0,../train_maps/Auburn/floorplan.yaml,7
87.0,54.0,87.0,55.0,../train_maps/Auburn/floorplan.yaml,7
87.0,55.0,87.0,56.0,../train_maps/Auburn/floorplan.yaml,7
87.0,56.0,87.0,57.0,../train_maps/Auburn/floorplan.yaml,7
87.0,57.0,87.0,58.0,../train_maps/Auburn/floorplan.yaml,7
87.0,58.0,87.0,59.0,../train_maps/Auburn/floorplan.yaml,7
87.0,59.0,87.0,60.0,../train_maps/Auburn/floorplan.yaml,7
87.0,60.0,87.0,61.0,../train_maps/Auburn/floorplan.yaml,7
87.0,61.0,87.0,62.0,../train_maps/Auburn/floorplan.yaml,7
87.0,62.0,87.0,63.0,../train_maps/Auburn/floorplan.yaml,7
87.0,63.0,87.0,64.0,../train_maps/Auburn/floorplan.yaml,7
87.0,64.0,86.0,65.0,../train_maps/Auburn/floorplan.yaml,6
86.0,65.0,86.0,66.0,../train_maps/Auburn/floorplan.yaml,7
86.0,66.0,86.0,67.0,../train_maps/Auburn/floorplan.yaml,7
86.0,67.0,86.0,68.0,../train_maps/Auburn/floorplan.yaml,7
86.0,68.0,86.0,69.0,../train_maps/Auburn/floorplan.yaml,7
86.0,69.0,86.0,70.0,../train_maps/Auburn/floorplan.yaml,7
86.0,70.0,86.0,71.0,../train_maps/Auburn/floorplan.yaml,7
86.0,71.0,86.0,72.0,../train_maps/Auburn/floorplan.yaml,7
86.0,72.0,86.0,73.0,../train_maps/Auburn/floorplan.yaml,7
86.0,73.0,86.0,74.0,../train_maps/Auburn/floorplan.yaml,7
86.0,74.0,86.0,75.0,../train_maps/Auburn/floorplan.yaml,7
86.0,75.0,86.0,76.0,../train_maps/Auburn/floorplan.yaml,7
86.0,76.0,87.0,77.0,../train_maps/Auburn/floorplan.yaml,8
87.0,77.0,87.0,78.0,../train_maps/Auburn/floorplan.yaml,7
87.0,78.0,88.0,79.0,../train_maps/Auburn/floorplan.yaml,8
88.0,79.0,89.0,80.0,../train_maps/Auburn/floorplan.yaml,8
89.0,80.0,90.0,81.0,../train_maps/Auburn/floorplan.yaml,8
90.0,81.0,91.0,81.0,../train_maps/Auburn/floorplan.yaml,5
91.0,81.0,92.0,82.0,../train_maps/Auburn/floorplan.yaml,8
92.0,82.0,93.0,82.0,../train_maps/Auburn/floorplan.yaml,5
93.0,82.0,94.0,83.0,../train_maps/Auburn/floorplan.yaml,8
94.0,83.0,95.0,83.0,../train_maps/Auburn/floorplan.yaml,5
95.0,83.0,96.0,84.0,../train_maps/Auburn/floorplan.yaml,8
96.0,84.0,97.0,84.0,../train_maps/Auburn/floorplan.yaml,5
97.0,84.0,98.0,85.0,../train_maps/Auburn/floorplan.yaml,8
98.0,85.0,99.0,85.0,../train_maps/Auburn/floorplan.yaml,5
99.0,85.0,100.0,85.0,../train_maps/Auburn/floorplan.yaml,5
100.0,85.0,101.0,86.0,../train_maps/Auburn/floorplan.yaml,8
101.0,86.0,102.0,86.0,../train_maps/Auburn/floorplan.yaml,5
102.0,86.0,103.0,87.0,../train_maps/Auburn/floorplan.yaml,8
103.0,87.0,104.0,87.0,../train_maps/Auburn/floorplan.yaml,5
104.0,87.0,105.0,88.0,../train_maps/Auburn/floorplan.yaml,8
105.0,88.0,106.0,88.0,../train_maps/Auburn/floorplan.yaml,5
106.0,88.0,107.0,89.0,../train_maps/Auburn/floorplan.yaml,8
107.0,89.0,108.0,89.0,../train_maps/Auburn/floorplan.yaml,5
108.0,89.0,109.0,90.0,../train_maps/Auburn/floorplan.yaml,8
109.0,90.0,110.0,90.0,../train_maps/Auburn/floorplan.yaml,5
110.0,90.0,111.0,90.0,../train_maps/Auburn/floorplan.yaml,5
111.0,90.0,112.0,91.0,../train_maps/Auburn/floorplan.yaml,8
112.0,91.0,113.0,91.0,../train_maps/Auburn/floorplan.yaml,5
113.0,91.0,114.0,92.0,../train_maps/Auburn/floorplan.yaml,8
114.0,92.0,115.0,92.0,../train_maps/Auburn/floorplan.yaml,5
115.0,92.0,116.0,93.0,../train_maps/Auburn/floorplan.yaml,8
116.0,93.0,117.0,93.0,../train_maps/Auburn/floorplan.yaml,5
117.0,93.0,118.0,94.0,../train_maps/Auburn/floorplan.yaml,8
118.0,94.0,119.0,94.0,../train_maps/Auburn/floorplan.yaml,5
119.0,94.0,120.0,94.0,../train_maps/Auburn/floorplan.yaml,5
120.0,94.0,121.0,95.0,../train_maps/Auburn/floorplan.yaml,8
47.0,78.0,46.0,78.0,../train_maps/Ballantine/floorplan.yaml,4
46.0,78.0,45.0,79.0,../train_maps/Ballantine/floorplan.yaml,6
45.0,79.0,44.0,80.0,../train_maps/Ballantine/floorplan.yaml,6
44.0,80.0,43.0,80.0,../train_maps/Ballantine/floorplan.yaml,4
43.0,80.0,42.0,81.0,../train_maps/Ballantine/floorplan.yaml,6
42.0,81.0,41.0,82.0,../train_maps/Ballantine/floorplan.yaml,6
41.0,82.0,40.0,83.0,../train_maps/Ballantine/floorplan.yaml,6
40.0,83.0,39.0,84.0,../train_maps/Ballantine/floorplan.yaml,6
39.0,84.0,38.0,85.0,../train_maps/Ballantine/floorplan.yaml,6
38.0,85.0,37.0,86.0,../train_maps/Ballantine/floorplan.yaml,6
37.0,86.0,36.0,87.0,../train_maps/Ballantine/floorplan.yaml,6
36.0,87.0,35.0,88.0,../train_maps/Ballantine/floorplan.yaml,6
35.0,88.0,34.0,89.0,../train_maps/Ballantine/floorplan.yaml,6
34.0,89.0,33.0,90.0,../train_maps/Ballantine/floorplan.yaml,6
33.0,90.0,32.0,91.0,../train_maps/Ballantine/floorplan.yaml,6
32.0,91.0,31.0,92.0,../train_maps/Ballantine/floorplan.yaml,6
31.0,92.0,30.0,93.0,../train_maps/Ballantine/floorplan.yaml,6
30.0,93.0,29.0,94.0,../train_maps/Ballantine/floorplan.yaml,6
29.0,94.0,28.0,95.0,../train_maps/Ballantine/floorplan.yaml,6
28.0,95.0,27.0,96.0,../train_maps/Ballantine/floorplan.yaml,6
27.0,96.0,26.0,96.0,../train_maps/Ballantine/floorplan.yaml,4
26.0,96.0,25.0,96.0,../train_maps/Ballantine/floorplan.yaml,4
25.0,96.0,24.0,97.0,../train_maps/Ballantine/floorplan.yaml,6
11.0,117.0,11.0,116.0,../train_maps/Bertram/floorplan.yaml,2
11.0,116.0,11.0,115.0,../train_maps/Bertram/floorplan.yaml,2
11.0,115.0,11.0,114.0,../train_maps/Bertram/floorplan.yaml,2
11.0,114.0,11.0,113.0,../train_maps/Bertram/floorplan.yaml,2
11.0,113.0,11.0,112.0,../train_maps/Bertram/floorplan.yaml,2
11.0,112.0,11.0,111.0,../train_maps/Bertram/floorplan.yaml,2
11.0,111.0,11.0,110.0,../train_maps/Bertram/floorplan.yaml,2
11.0,110.0,11.0,109.0,../train_maps/Bertram/floorplan.yaml,2
11.0,109.0,11.0,108.0,../train_maps/Bertram/floorplan.yaml,2
11.0,108.0,11.0,107.0,../train_maps/Bertram/floorplan.yaml,2
11.0,107.0,11.0,106.0,../train_maps/Bertram/floorplan.yaml,2
11.0,106.0,11.0,105.0,../train_maps/Bertram/floorplan.yaml,2
11.0,105.0,11.0,104.0,../train_maps/Bertram/floorplan.yaml,2
11.0,104.0,11.0,103.0,../train_maps/Bertram/floorplan.yaml,2
11.0,103.0,11.0,102.0,../train_maps/Bertram/floorplan.yaml,2
11.0,102.0,11.0,101.0,../train_maps/Bertram/floorplan.yaml,2
11.0,101.0,11.0,100.0,../train_maps/Bertram/floorplan.yaml,2
11.0,100.0,11.0,99.0,../train_maps/Bertram/floorplan.yaml,2
11.0,99.0,11.0,98.0,../train_maps/Bertram/floorplan.yaml,2
11.0,98.0,11.0,97.0,../train_maps/Bertram/floorplan.yaml,2
11.0,97.0,12.0,96.0,../train_maps/Bertram/floorplan.yaml,3
12.0,96.0,12.0,95.0,../train_maps/Bertram/floorplan.yaml,2
12.0,95.0,12.0,94.0,../train_maps/Bertram/floorplan.yaml,2
12.0,94.0,12.0,93.0,../train_maps/Bertram/floorplan.yaml,2
12.0,93.0,12.0,92.0,../train_maps/Bertram/floorplan.yaml,2
12.0,92.0,12.0,91.0,../train_maps/Bertram/floorplan.yaml,2
12.0,91.0,12.0,90.0,../train_maps/Bertram/floorplan.yaml,2
12.0,90.0,12.0,89.0,../train_maps/Bertram/floorplan.yaml,2
12.0,89.0,12.0,88.0,../train_maps/Bertram/floorplan.yaml,2
12.0,88.0,12.0,87.0,../train_maps/Bertram/floorplan.yaml,2
12.0,87.0,12.0,86.0,../train_maps/Bertram/floorplan.yaml,2
12.0,86.0,13.0,85.0,../train_maps/Bertram/floorplan.yaml,3
13.0,85.0,14.0,84.0,../train_maps/Bertram/floorplan.yaml,3
14.0,84.0,14.0,83.0,../train_maps/Bertram/floorplan.yaml,2
14.0,83.0,14.0,82.0,../train_maps/Bertram/floorplan.yaml,2
14.0,82.0,15.0,81.0,../train_maps/Bertram/floorplan.yaml,3
15.0,81.0,15.0,80.0,../train_maps/Bertram/floorplan.yaml,2
15.0,80.0,15.0,79.0,../train_maps/Bertram/floorplan.yaml,2
15.0,79.0,16.0,78.0,../train_maps/Bertram/floorplan.yaml,3
16.0,78.0,17.0,77.0,../train_maps/Bertram/floorplan.yaml,3
17.0,77.0,18.0,76.0,../train_maps/Bertram/floorplan.yaml,3
18.0,76.0,19.0,75.0,../train_maps/Bertram/floorplan.yaml,3
19.0,75.0,20.0,74.0,../train_maps/Bertram/floorplan.yaml,3
20.0,74.0,21.0,73.0,../train_maps/Bertram/floorplan.yaml,3
21.0,73.0,22.0,72.0,../train_maps/Bertram/floorplan.yaml,3
22.0,72.0,23.0,71.0,../train_maps/Bertram/floorplan.yaml,3
23.0,71.0,24.0,70.0,../train_maps/Bertram/floorplan.yaml,3
24.0,70.0,24.0,69.0,../train_maps/Bertram/floorplan.yaml,2
24.0,69.0,25.0,68.0,../train_maps/Bertram/floorplan.yaml,3
25.0,68.0,26.0,67.0,../train_maps/Bertram/floorplan.yaml,3
26.0,67.0,27.0,66.0,../train_maps/Bertram/floorplan.yaml,3
27.0,66.0,28.0,65.0,../train_maps/Bertram/floorplan.yaml,3
28.0,65.0,29.0,64.0,../train_maps/Bertram/floorplan.yaml,3
29.0,64.0,30.0,63.0,../train_maps/Bertram/floorplan.yaml,3
30.0,63.0,31.0,62.0,../train_maps/Bertram/floorplan.yaml,3
31.0,62.0,32.0,61.0,../train_maps/Bertram/floorplan.yaml,3
32.0,61.0,33.0,60.0,../train_maps/Bertram/floorplan.yaml,3
33.0,60.0,34.0,59.0,../train_maps/Bertram/floorplan.yaml,3
34.0,59.0,35.0,58.0,../train_maps/Bertram/floorplan.yaml,3
35.0,58.0,36.0,57.0,../train_maps/Bertram/floorplan.yaml,3
36.0,57.0,37.0,56.0,../train_maps/Bertram/floorplan.yaml,3
37.0,56.0,38.0,55.0,../train_maps/Bertram/floorplan.yaml,3
38.0,55.0,38.0,54.0,../train_maps/Bertram/floorplan.yaml,2
38.0,54.0,38.0,53.0,../train_maps/Bertram/floorplan.yaml,2
38.0,53.0,38.0,52.0,../train_maps/Bertram/floorplan.yaml,2
38.0,52.0,38.0,51.0,../train_maps/Bertram/floorplan.yaml,2
38.0,51.0,38.0,50.0,../train_maps/Bertram/floorplan.yaml,2
38.0,50.0,38.0,49.0,../train_maps/Bertram/floorplan.yaml,2
38.0,49.0,38.0,48.0,../train_maps/Bertram/floorplan.yaml,2
38.0,48.0,38.0,47.0,../train_maps/Bertram/floorplan.yaml,2
38.0,47.0,38.0,46.0,../train_maps/Bertram/floorplan.yaml,2
38.0,46.0,38.0,45.0,../train_maps/Bertram/floorplan.yaml,2
38.0,45.0,38.0,44.0,../train_maps/Bertram/floorplan.yaml,2
38.0,44.0,38.0,43.0,../train_maps/Bertram/floorplan.yaml,2
38.0,43.0,38.0,42.0,../train_maps/Bertram/floorplan.yaml,2
38.0,42.0,38.0,41.0,../train_maps/Bertram/floorplan.yaml,2
38.0,41.0,38.0,40.0,../train_maps/Bertram/floorplan.yaml,2
38.0,40.0,38.0,39.0,../train_maps/Bertram/floorplan.yaml,2
38.0,39.0,38.0,38.0,../train_maps/Bertram/floorplan.yaml,2
38.0,38.0,39.0,37.0,../train_maps/Bertram/floorplan.yaml,3
39.0,37.0,39.0,36.0,../train_maps/Bertram/floorplan.yaml,2
39.0,36.0,40.0,35.0,../train_maps/Bertram/floorplan.yaml,3
40.0,35.0,40.0,34.0,../train_maps/Bertram/floorplan.yaml,2
40.0,34.0,41.0,33.0,../train_maps/Bertram/floorplan.yaml,3
41.0,33.0,41.0,32.0,../train_maps/Bertram/floorplan.yaml,2
41.0,32.0,41.0,31.0,../train_maps/Bertram/floorplan.yaml,2
41.0,31.0,42.0,30.0,../train_maps/Bertram/floorplan.yaml,3
42.0,30.0,42.0,29.0,../train_maps/Bertram/floorplan.yaml,2
42.0,29.0,43.0,28.0,../train_maps/Bertram/floorplan.yaml,3
43.0,28.0,43.0,27.0,../train_maps/Bertram/floorplan.yaml,2
43.0,27.0,44.0,26.0,../train_maps/Bertram/floorplan.yaml,3
44.0,26.0,44.0,25.0,../train_maps/Bertram/floorplan.yaml,2
44.0,25.0,45.0,24.0,../train_maps/Bertram/floorplan.yaml,3
45.0,24.0,45.0,23.0,../train_maps/Bertram/floorplan.yaml,2
45.0,23.0,46.0,22.0,../train_maps/Bertram/floorplan.yaml,3
46.0,22.0,46.0,21.0,../train_maps/Bertram/floorplan.yaml,2
46.0,21.0,46.0,20.0,../train_maps/Bertram/floorplan.yaml,2
46.0,20.0,47.0,19.0,../train_maps/Bertram/floorplan.yaml,3
47.0,19.0,47.0,18.0,../train_maps/Bertram/floorplan.yaml,2
47.0,18.0,48.0,17.0,../train_maps/Bertram/floorplan.yaml,3
48.0,17.0,48.0,16.0,../train_maps/Bertram/floorplan.yaml,2
48.0,16.0,49.0,15.0,../train_maps/Bertram/floorplan.yaml,3
49.0,15.0,49.0,14.0,../train_maps/Bertram/floorplan.yaml,2
49.0,14.0,50.0,13.0,../train_maps/Bertram/floorplan.yaml,3
50.0,13.0,50.0,12.0,../train_maps/Bertram/floorplan.yaml,2
50.0,12.0,50.0,11.0,../train_maps/Bertram/floorplan.yaml,2
50.0,11.0,51.0,10.0,../train_maps/Bertram/floorplan.yaml,3
37.0,83.0,38.0,83.0,../train_maps/Biltmore/floorplan.yaml,5
38.0,83.0,39.0,83.0,../train_maps/Biltmore/floorplan.yaml,5
39.0,83.0,40.0,83.0,../train_maps/Biltmore/floorplan.yaml,5
40.0,83.0,41.0,83.0,../train_maps/Biltmore/floorplan.yaml,5
41.0,83.0,42.0,83.0,../train_maps/Biltmore/floorplan.yaml,5
42.0,83.0,43.0,83.0,../train_maps/Biltmore/floorplan.yaml,5
43.0,83.0,44.0,83.0,../train_maps/Biltmore/floorplan.yaml,5
44.0,83.0,45.0,83.0,../train_maps/Biltmore/floorplan.yaml,5
45.0,83.0,46.0,83.0,../train_maps/Biltmore/floorplan.yaml,5
46.0,83.0,47.0,83.0,../train_maps/Biltmore/floorplan.yaml,5
47.0,83.0,48.0,83.0,../train_maps/Biltmore/floorplan.yaml,5
48.0,83.0,49.0,83.0,../train_maps/Biltmore/floorplan.yaml,5
49.0,83.0,50.0,83.0,../train_maps/Biltmore/floorplan.yaml,5
50.0,83.0,51.0,83.0,../train_maps/Biltmore/floorplan.yaml,5
51.0,83.0,52.0,83.0,../train_maps/Biltmore/floorplan.yaml,5
52.0,83.0,53.0,83.0,../train_maps/Biltmore/floorplan.yaml,5
53.0,83.0,54.0,83.0,../train_maps/Biltmore/floorplan.yaml,5
54.0,83.0,55.0,83.0,../train_maps/Biltmore/floorplan.yaml,5
55.0,83.0,56.0,83.0,../train_maps/Biltmore/floorplan.yaml,5
56.0,83.0,57.0,83.0,../train_maps/Biltmore/floorplan.yaml,5
57.0,83.0,58.0,83.0,../train_maps/Biltmore/floorplan.yaml,5
58.0,83.0,59.0,83.0,../train_maps/Biltmore/floorplan.yaml,5
59.0,83.0,60.0,83.0,../train_maps/Biltmore/floorplan.yaml,5
60.0,83.0,61.0,83.0,../train_maps/Biltmore/floorplan.yaml,5
61.0,83.0,62.0,83.0,../train_maps/Biltmore/floorplan.yaml,5
62.0,83.0,63.0,82.0,../train_maps/Biltmore/floorplan.yaml,3
63.0,82.0,64.0,82.0,../train_maps/Biltmore/floorplan.yaml,5
64.0,82.0,65.0,82.0,../train_maps/Biltmore/floorplan.yaml,5
65.0,82.0,66.0,81.0,../train_maps/Biltmore/floorplan.yaml,3
9.0,41.0,10.0,40.0,../train_maps/Bowlus/floorplan.yaml,3
10.0,40.0,11.0,39.0,../train_maps/Bowlus/floorplan.yaml,3
11.0,39.0,12.0,38.0,../train_maps/Bowlus/floorplan.yaml,3
12.0,38.0,13.0,37.0,../train_maps/Bowlus/floorplan.yaml,3
13.0,37.0,14.0,36.0,../train_maps/Bowlus/floorplan.yaml,3
14.0,36.0,15.0,36.0,../train_maps/Bowlus/floorplan.yaml,5
15.0,36.0,16.0,35.0,../train_maps/Bowlus/floorplan.yaml,3
16.0,35.0,17.0,35.0,../train_maps/Bowlus/floorplan.yaml,5
17.0,35.0,18.0,35.0,../train_maps/Bowlus/floorplan.yaml,5
18.0,35.0,19.0,35.0,../train_maps/Bowlus/floorplan.yaml,5
19.0,35.0,20.0,35.0,../train_maps/Bowlus/floorplan.yaml,5
20.0,35.0,21.0,35.0,../train_maps/Bowlus/floorplan.yaml,5
21.0,35.0,22.0,35.0,../train_maps/Bowlus/floorplan.yaml,5
22.0,35.0,23.0,35.0,../train_maps/Bowlus/floorplan.yaml,5
23.0,35.0,24.0,35.0,../train_maps/Bowlus/floorplan.yaml,5
24.0,35.0,25.0,35.0,../train_maps/Bowlus/floorplan.yaml,5
25.0,35.0,26.0,35.0,../train_maps/Bowlus/floorplan.yaml,5
26.0,35.0,27.0,35.0,../train_maps/Bowlus/floorplan.yaml,5
27.0,35.0,28.0,35.0,../train_maps/Bowlus/floorplan.yaml,5
28.0,35.0,29.0,35.0,../train_maps/Bowlus/floorplan.yaml,5
29.0,35.0,30.0,35.0,../train_maps/Bowlus/floorplan.yaml,5
30.0,35.0,31.0,35.0,../train_maps/Bowlus/floorplan.yaml,5
31.0,35.0,32.0,35.0,../train_maps/Bowlus/floorplan.yaml,5
32.0,35.0,33.0,35.0,../train_maps/Bowlus/floorplan.yaml,5
33.0,35.0,34.0,35.0,../train_maps/Bowlus/floorplan.yaml,5
34.0,35.0,35.0,35.0,../train_maps/Bowlus/floorplan.yaml,5
35.0,35.0,36.0,35.0,../train_maps/Bowlus/floorplan.yaml,5
36.0,35.0,37.0,34.0,../train_maps/Bowlus/floorplan.yaml,3
37.0,34.0,38.0,33.0,../train_maps/Bowlus/floorplan.yaml,3
38.0,33.0,39.0,32.0,../train_maps/Bowlus/floorplan.yaml,3
39.0,32.0,40.0,31.0,../train_maps/Bowlus/floorplan.yaml,3
40.0,31.0,41.0,30.0,../train_maps/Bowlus/floorplan.yaml,3
41.0,30.0,42.0,29.0,../train_maps/Bowlus/floorplan.yaml,3
42.0,29.0,43.0,28.0,../train_maps/Bowlus/floorplan.yaml,3
43.0,28.0,44.0,27.0,../train_maps/Bowlus/floorplan.yaml,3
44.0,27.0,45.0,26.0,../train_maps/Bowlus/floorplan.yaml,3
45.0,26.0,46.0,25.0,../train_maps/Bowlus/floorplan.yaml,3
46.0,25.0,47.0,24.0,../train_maps/Bowlus/floorplan.yaml,3
47.0,24.0,48.0,23.0,../train_maps/Bowlus/floorplan.yaml,3
48.0,23.0,49.0,22.0,../train_maps/Bowlus/floorplan.yaml,3
49.0,22.0,50.0,21.0,../train_maps/Bowlus/floorplan.yaml,3
50.0,21.0,51.0,20.0,../train_maps/Bowlus/floorplan.yaml,3
51.0,20.0,52.0,19.0,../train_maps/Bowlus/floorplan.yaml,3
52.0,19.0,53.0,19.0,../train_maps/Bowlus/floorplan.yaml,5
53.0,19.0,54.0,18.0,../train_maps/Bowlus/floorplan.yaml,3
54.0,55.0,54.0,56.0,../train_maps/Bushong/floorplan.yaml,7
54.0,56.0,54.0,57.0,../train_maps/Bushong/floorplan.yaml,7
54.0,57.0,54.0,58.0,../train_maps/Bushong/floorplan.yaml,7
54.0,58.0,54.0,59.0,../train_maps/Bushong/floorplan.yaml,7
54.0,59.0,54.0,60.0,../train_maps/Bushong/floorplan.yaml,7
54.0,60.0,54.0,61.0,../train_maps/Bushong/floorplan.yaml,7
54.0,61.0,54.0,62.0,../train_maps/Bushong/floorplan.yaml,7
54.0,62.0,54.0,63.0,../train_maps/Bushong/floorplan.yaml,7
54.0,63.0,54.0,64.0,../train_maps/Bushong/floorplan.yaml,7
54.0,64.0,54.0,65.0,../train_maps/Bushong/floorplan.yaml,7
54.0,65.0,54.0,66.0,../train_maps/Bushong/floorplan.yaml,7
54.0,66.0,54.0,67.0,../train_maps/Bushong/floorplan.yaml,7
54.0,67.0,54.0,68.0,../train_maps/Bushong/floorplan.yaml,7
54.0,68.0,54.0,69.0,../train_maps/Bushong/floorplan.yaml,7
54.0,69.0,54.0,70.0,../train_maps/Bushong/floorplan.yaml,7
54.0,70.0,54.0,71.0,../train_maps/Bushong/floorplan.yaml,7
54.0,71.0,54.0,72.0,../train_maps/Bushong/floorplan.yaml,7
54.0,72.0,55.0,73.0,../train_maps/Bushong/floorplan.yaml,8
55.0,73.0,55.0,74.0,../train_maps/Bushong/floorplan.yaml,7
55.0,74.0,55.0,75.0,../train_maps/Bushong/floorplan.yaml,7
55.0,75.0,56.0,76.0,../train_maps/Bushong/floorplan.yaml,8
